email,firstName,lastName
juan.perez@example.com,Juan,Pérez
maria.garcia@example.com,María,García
carlos.rodriguez@example.com,Carlos,Rodríguez
ana.martinez@example.com,Ana,Martínez
luis.lopez@example.com,Luis,López
carmen.fernandez@example.com,Carmen,Fernández
jose.gonzalez@example.com,José,González
laura.sanchez@example.com,Laura,Sánchez
miguel.torres@example.com,Miguel,Torres
sofia.flores@example.com,Sofía,Flores
